{
  "books": [
    {
      "id": "book1",
      "title": "Унесённые ветром",
      "author": "Маргарет Митчелл",
      "genre": "Романтика",
      "price": 900,
      "priceCategory": "low",
      "authorType": "foreign",
      "image": "book1.jpg",
      "shortDescription": "«Унесённые ветром» — масштабная история...",
      "fullDescription": "«Унесённые ветром» — роман американской писательницы Маргарет Митчелл, опубликованный в 1936 году. Действие происходит в штате Джорджия во время Гражданской войны в США и в период Реконструкции Юга. В центре повествования — история Скарлетт О'Хара, дочери владельца плантации, и её сложных отношений с Реттом Батлером.",
      "classes": ["romance", "foreign", "price-low"]
    },
    {
      "id": "book2",
      "title": "Гроза",
      "author": "Александр Островский",
      "genre": "Драма",
      "price": 550,
      "priceCategory": "low",
      "authorType": "russian",
      "image": "book2.jpg",
      "shortDescription": "«Гроза» — драма о столкновении...",
      "fullDescription": "«Гроза» — пьеса А. Н. Островского в пяти действиях, написанная в 1859 году. Это одно из самых известных произведений русской драматургии. В центре сюжета — трагическая история Катерины Кабановой, молодой женщины, задыхающейся в атмосфере патриархального купеческого быта.",
      "classes": ["drama", "russian", "price-low"]
    },
    {
      "id": "book3",
      "title": "Море и звезды",
      "author": "Алексей Бирюлин",
      "genre": "Биография",
      "price": 1670,
      "priceCategory": "high",
      "authorType": "russian",
      "image": "book3.jpg",
      "shortDescription": "«Море и звезды» — исторический роман-биография...",
      "fullDescription": "«Море и звезды» — художественно-документальное произведение о великих мореплавателях и исследователях. Автор рассказывает о людях, которые посвятили свою жизнь изучению морских глубин и освоению новых территорий, об их открытиях и подвигах.",
      "classes": ["bio", "russian", "price-high"]
    },
    {
      "id": "book4",
      "title": "Человек-амфибия",
      "author": "Александр Беляев",
      "genre": "Фантастика",
      "price": 1750,
      "priceCategory": "high",
      "authorType": "russian",
      "image": "book4.jpg",
      "shortDescription": "«Человек-амфибия» — научно-фантастическая драма...",
      "fullDescription": "«Человек-амфибия» — научно-фантастический роман Александра Беляева, опубликованный в 1928 году. История об Ихтиандре, молодом человеке с пересаженными жабрами акулы, который может жить как на суше, так и под водой. Роман поднимает вопросы научной этики и человеческих отношений.",
      "classes": ["fantasy", "russian", "price-high"]
    },
    {
      "id": "book5",
      "title": "Маленький принц",
      "author": "Антуан де Сент-Экзюпери",
      "genre": "Фантастика",
      "price": 890,
      "priceCategory": "low",
      "authorType": "foreign",
      "image": "book5.jpg",
      "shortDescription": "«Маленький принц» — философская сказка-притча...",
      "fullDescription": "«Маленький принц» — наиболее известное произведение Антуана де Сент-Экзюпери. Это философская сказка-притча, в которой главные человеческие ценности представлены в простой и трогательной форме. История о встрече пилота с загадочным мальчиком с другой планеты.",
      "classes": ["fantasy", "foreign", "price-low"]
    },
    {
      "id": "book6",
      "title": "Великий Гэтсби",
      "author": "Фрэнсис Скотт Фицджеральд",
      "genre": "Драма",
      "price": 1200,
      "priceCategory": "high",
      "authorType": "foreign",
      "image": "book6.jpg",
      "shortDescription": "«Великий Гэтсби» — трагическая история...",
      "fullDescription": "«Великий Гэтсби» — роман американского писателя Фрэнсиса Скотта Фицджеральда, опубликованный в 1925 году. Считается одним из величайших произведений американской литературы. История рассказывает о загадочном миллионере Джее Гэтсби и его безответной любви к Дэйзи Бьюкенен.",
      "classes": ["drama", "foreign", "price-high"]
    }
  ]
}
